OptionId,OptionValue
1569,Aaron Cadman (Greater Western Sydney)
1000,Aaron Francis (Sydney)
1126,Aaron Naughton (Western)
1134,Adam Cerra (Carlton)
556,Adam Kennedy (Greater Western Sydney)
856,Adam Saad (Carlton)
560,Adam Tomlinson (Melbourne)
584,Adam Treloar (Western)
711,Aidan Corr (North Melbourne)
1499,Aiden Begg (Collingwood)
1758,Aiden O'Driscoll (Western)
1572,Alex Cincotta (Carlton)
1459,Alex Davies (Gold Coast)
1092,Alex Keath (Western)
1746,Alex Mirkov (Carlton)
901,Alex Neal-Bullen (Melbourne)
887,Alex Pearce (Fremantle)
612,Alex Sexton (Gold Coast)
1078,Alex Witherden (West Coast)
967,Aliir Aliir (Port Adelaide)
84,Alwyn Davey (Essendon)
1120,Andrew Brayshaw (Fremantle)
437,Andrew Gaff (West Coast)
1029,Andrew McGrath (Essendon)
1750,Andy Moniz-Wakefield (Melbourne)
851,Angus Brayshaw (Melbourne)
1693,Angus Hastie (St Kilda)
1743,Angus McLennan (St Kilda)
1469,Angus Sheldrick (Sydney)
1556,Anthony Caminiti (St Kilda)
1372,Anthony Scott (Western)
1774,Archer Reid (West Coast)
1398,Archie Perkins (Essendon)
1779,Archie Roberts (Essendon)
1786,Arie Schoenmaker (St Kilda)
1562,Arthur Jones (Western)
1530,Ash Johnson (Collingwood)
1748,Ashton Moir (Carlton)
1119,Bailey Banfield (Fremantle)
888,Bailey Dale (Western)
1565,Bailey Humphrey (Gold Coast)
1551,Bailey Laurie (Melbourne)
1584,Bailey Macdonald (Hawthorn)
1228,Bailey Scott (North Melbourne)
1221,Bailey Smith (Western)
974,Bailey Williams (Western)
1818,Bailey J. Williams (West Coast)
1127,Bayley Fritsch (Melbourne)
1396,Beau McCreery (Collingwood)
1030,Ben Ainsworth (Gold Coast)
822,Ben Brown (Melbourne)
1489,Ben Hobbs (Essendon)
966,Ben Keays (Adelaide)
1251,Ben King (Gold Coast)
1053,Ben Long (Gold Coast)
1112,Ben McKay (Essendon)
1458,Ben Miller (Richmond)
1200,Ben Paton (St Kilda)
1506,Bigoa Nyuon (North Melbourne)
1660,Billy Dowling (Adelaide)
1205,Billy Frampton (Collingwood)
1822,Billy Wilson (Carlton)
808,Blake Acres (Carlton)
1576,Blake Drury (North Melbourne)
1002,Blake Hardwick (Hawthorn)
1701,Blake Howes (Melbourne)
1267,Bobby Hill (Collingwood)
1553,Bodhi Uwland (Gold Coast)
1783,Bodie Ryan (Hawthorn)
687,Brad Crouch (St Kilda)
1639,Bradley Close (Geelong)
592,Bradley Hill (St Kilda)
1476,Brady Hough (West Coast)
1382,Braeden Campbell (Sydney)
1037,Brandan Parfitt (Geelong)
565,Brandon Ellis (Gold Coast)
1600,Brandon Ryan (Brisbane)
1196,Brandon Starcevich (Brisbane)
1432,Brandon Walker (Fremantle)
1280,Brandon Zerk-Thatcher (Port Adelaide)
1454,Brayden Cook (Adelaide)
1014,Brayden Fiorini (Gold Coast)
1683,Brayden George (North Melbourne)
906,Brayden Maynard (Collingwood)
1034,Braydon Preuss (Greater Western Sydney)
1076,Brennan Cox (Fremantle)
1186,Brent Daniels (Greater Western Sydney)
749,Brodie Grundy (Sydney)
1456,Brodie Kemp (Carlton)
426,Brodie Smith (Adelaide)
1171,Brody Mihocek (Collingwood)
1777,Bruce Reville (Brisbane)
1420,Buku Khamis (Western)
1637,Caiden Cleary (Sydney)
908,Caleb Daniel (Western)
1278,Caleb Graham (Gold Coast)
902,Caleb Marchbank (Carlton)
1747,Caleb Mitchell (Sydney)
1416,Caleb Poulter (Western)
1307,Caleb Serong (Fremantle)
1825,Caleb Windsor (Melbourne)
213,Callan Ward (Greater Western Sydney)
938,Callum Ah Chee (Brisbane)
1253,Callum Coleman-Jones (North Melbourne)
1479,Callum Jamieson (West Coast)
944,Callum Mills (Sydney)
1224,Callum Wilkie (St Kilda)
1077,Callum M. Brown (Greater Western Sydney)
1654,Calsher Dear (Hawthorn)
422,Cameron Guthrie (Geelong)
1731,Cameron Mackenzie (Hawthorn)
1772,Cameron Rayner (Brisbane)
1547,Campbell Chesser (West Coast)
1529,Carter Michael (Brisbane)
1320,Chad Warner (Sydney)
579,Chad Wingard (Hawthorn)
1276,Changkuoth Jiath (Hawthorn)
1155,Charlie Ballard (Gold Coast)
810,Charlie Cameron (Brisbane)
1636,Charlie Clarke (Western)
1457,Charlie Comben (North Melbourne)
954,Charlie Curnow (Carlton)
1653,Charlie Dean (Collingwood)
443,Charlie Dixon (Port Adelaide)
1664,Charlie Edwards (Adelaide)
1385,Charlie Lazzaro (North Melbourne)
1152,Charlie Spargo (Melbourne)
1220,Chayce Jones (Adelaide)
1225,Chris Burgess (Adelaide)
962,Christian Petracca (Melbourne)
806,Christian Salem (Melbourne)
1690,Clay Hall (West Coast)
1806,Clay Tucker (Hawthorn)
937,Clayton Oliver (Melbourne)
1628,Coby Burgiel (West Coast)
1322,Cody Weightman (Western)
1727,Coen Livingstone (West Coast)
1742,Colby McKercher (North Melbourne)
1290,Connor Budarick (Gold Coast)
1272,Connor Idun (Greater Western Sydney)
1471,Connor Macdonald (Hawthorn)
1763,Connor O'Sullivan (Geelong)
1219,Connor Rozee (Port Adelaide)
926,Conor McKenna (Brisbane)
1201,Conor Nash (Hawthorn)
1406,Conor Stone (Greater Western Sydney)
1819,Conrad Williams (Fremantle)
1495,Cooper Hamilton (Greater Western Sydney)
1594,Cooper Harvey (North Melbourne)
1448,Cooper Sharman (St Kilda)
1792,Cooper Simpson (Fremantle)
1502,Cooper Stephens (Hawthorn)
1809,Cooper Vickery (Sydney)
1455,Corey Durdin (Carlton)
986,Corey Wagner (Fremantle)
1568,Corey Warner (Sydney)
1245,Curtis Taylor (North Melbourne)
1027,Dan Houston (Port Adelaide)
674,Dane Rampe (Sydney)
1630,Daniel Butler (St Kilda)
1648,Daniel Curtin (Adelaide)
823,Daniel McStay (Collingwood)
935,Daniel Rioli (Richmond)
1514,Daniel Turner (Melbourne)
1589,Dante Visentini (Port Adelaide)
955,Darcy Byrne-Jones (Port Adelaide)
1189,Darcy Cameron (Collingwood)
1115,Darcy Fogarty (Adelaide)
1249,Darcy Fort (Brisbane)
800,Darcy Gardiner (Brisbane)
1710,Darcy Jones (Greater Western Sydney)
971,Darcy Macpherson (Gold Coast)
907,Darcy Moore (Collingwood)
940,Darcy Parish (Essendon)
960,Darcy Tucker (North Melbourne)
1543,Darcy Wilmot (Brisbane)
1823,Darcy Wilson (St Kilda)
1184,Darragh Joyce (Brisbane)
1009,David Cuningham (Carlton)
451,David Swallow (Gold Coast)
608,Dayne Zorko (Brisbane)
1439,Denver Grainger-Barras (Hawthorn)
1295,Deven Robertson (Brisbane)
449,Dion Prestia (Richmond)
1614,Domanic Akuei (Carlton)
1523,Dominic Bedendo (Western)
1791,Dominic Sheed (West Coast)
952,Dougal Howard (St Kilda)
330,Dustin Martin (Richmond)
415,Dylan Grimes (Richmond)
1233,Dylan Moore (Hawthorn)
558,Dylan Shiel (Essendon)
1319,Dylan Stephens (North Melbourne)
1438,Dylan Williams (Port Adelaide)
431,Dyson Heppell (Essendon)
927,Ed Langdon (Melbourne)
1136,Ed Richards (Western)
1441,Eddie Ford (North Melbourne)
1615,Edward Allan (Collingwood)
1560,Elijah Hewett (West Coast)
1533,Elijah Hollands (Carlton)
1602,Elijah Tsatas (Essendon)
619,Elliot Yeo (West Coast)
1206,Elliott Himmelberg (Adelaide)
1417,Emerson Jeka (Geelong)
987,Eric Hipwood (Brisbane)
1383,Errol Gulden (Sydney)
1130,Esava Ratugolea (Port Adelaide)
932,Ethan Hughes (Fremantle)
1769,Ethan Phillips (Hawthorn)
1773,Ethan Read (Gold Coast)
1598,Ethan Stanley (Fremantle)
1408,Finlay Macrae (Collingwood)
1487,Finn Callaghan (Greater Western Sydney)
1366,Finn Maginness (Hawthorn)
1735,Finnbar Maley (North Melbourne)
1392,Francis Evans (Port Adelaide)
378,Gary Rohan (Geelong)
943,George Hewett (Carlton)
1799,George Stevens (Geelong)
1580,George Wardlaw (North Melbourne)
1048,Griffin Logue (North Melbourne)
1213,Gryan Miers (Geelong)
1676,Hamish Free (North Melbourne)
1775,Harley Reid (West Coast)
873,Harris Andrews (Brisbane)
1697,Harrison Himmelberg (Greater Western Sydney)
1711,Harrison Jones (Essendon)
1768,Harrison Petty (Melbourne)
1618,Harry Arnold (Sydney)
1590,Harry Barnett (West Coast)
564,Harry Cunningham (Sydney)
1656,Harry Demattia (Collingwood)
1333,Harry Edwards (West Coast)
1724,Harry Lemmey (Carlton)
1099,Harry McKay (Carlton)
1109,Harry Morrison (Hawthorn)
1065,Harry Perryman (Greater Western Sydney)
1561,Harry Rowston (Greater Western Sydney)
1338,Harry Schoenberg (Adelaide)
1381,Harry Sharp (Brisbane)
1546,Harry Sheezel (North Melbourne)
1680,Harvey Gallagher (Western)
1585,Harvey Harrison (Collingwood)
1709,Harvey Johnston (West Coast)
1804,Harvey Thomas (Greater Western Sydney)
1268,Hayden McLean (Sydney)
1299,Hayden Young (Fremantle)
1395,Heath Chapman (Fremantle)
1607,Henry Hustwaite (Hawthorn)
1793,Henry Smith (Brisbane)
1524,Hewago Oea (Gold Coast)
1761,Hudson O'Keeffe (Carlton)
1624,Hugh Bond (Adelaide)
1651,Hugh Davies (Fremantle)
1068,Hugh Greenwood (North Melbourne)
1705,Hugh Jackson (Port Adelaide)
1050,Hugh McCluggage (Brisbane)
1682,Hugo Garcia (St Kilda)
1423,Hugo Ralphsmith (Richmond)
1117,Hunter Clark (St Kilda)
1716,Indhi Kirk (Sydney)
1159,Isaac Cumming (Greater Western Sydney)
857,Isaac Heeney (Sydney)
1714,Isaac Keeler (St Kilda)
1263,Isaac Quaynor (Collingwood)
1061,Ivan Soldo (Port Adelaide)
1318,Izak Rankine (Adelaide)
781,Jack Billings (Melbourne)
1031,Jack Bowes (Geelong)
1365,Jack Buckley (Greater Western Sydney)
1588,Jack Buller (Sydney)
1345,Jack Bytel (Collingwood)
1497,Jack Carroll (Carlton)
593,Jack Crisp (Collingwood)
436,Jack Darling (West Coast)
1655,Jack Delean (Fremantle)
1446,Jack Ginnivan (Hawthorn)
1108,Jack Graham (Richmond)
383,Jack Gunston (Hawthorn)
1463,Jack Hayes (St Kilda)
1138,Jack Henry (Geelong)
1140,Jack Higgins (St Kilda)
1226,Jack Lukosius (Gold Coast)
1309,Jack Mahony (Gold Coast)
769,Jack Martin (Carlton)
1764,Jack O'Sullivan (Hawthorn)
1336,Jack Payne (Brisbane)
1154,Jack Petruccelle (West Coast)
1235,Jack Ross (Richmond)
1095,Jack Scrimshaw (Hawthorn)
991,Jack Silvagni (Carlton)
863,Jack Sinclair (St Kilda)
903,Jack Steele (St Kilda)
678,Jack Viney (Melbourne)
1480,Jack Williams (West Coast)
1521,Jackson Archer (North Melbourne)
1732,Jackson Macrae (Western)
1470,Jackson Mead (Port Adelaide)
1592,Jacob Bauer (Richmond)
972,Jacob Hopper (Richmond)
1719,Jacob Konstanty (Sydney)
1380,Jacob Koschitzke (Richmond)
1563,Jacob van Rooyen (Melbourne)
1508,Jacob Wehr (Greater Western Sydney)
936,Jacob Weitering (Carlton)
948,Jade Gresham (Essendon)
675,Jaeger O'Meara (Fremantle)
1532,Jai Culley (West Coast)
1431,Jai Newcombe (Hawthorn)
1538,Jai Serong (Hawthorn)
1703,Jaiden Hunter (Essendon)
1734,Jaiden Magor (Sydney)
1123,Jaidyn Stephenson (North Melbourne)
1451,Jake Bowey (Melbourne)
871,Jake Kelly (Essendon)
904,Jake Kolodjashnij (Geelong)
885,Jake Lever (Melbourne)
801,Jake Lloyd (Sydney)
357,Jake Melksham (Melbourne)
1356,Jake Riccardi (Greater Western Sydney)
1781,Jake Rogers (Gold Coast)
1475,Jake Soligo (Adelaide)
699,Jake Stringer (Essendon)
1133,Jake Waterman (West Coast)
1605,Jakob Ryan (Collingwood)
1169,Jamaine Jones (West Coast)
1442,Jamarra Ugle-Hagan (Western)
778,James Aish (Fremantle)
1520,James Blanck (Hawthorn)
1603,James Borlase (Adelaide)
911,James Harmes (Western)
1373,James Jordon (Sydney)
1722,James Leake (Greater Western Sydney)
1418,James Madden (Brisbane)
1578,James O'Donnell (Western)
1452,James Peatling (Greater Western Sydney)
1238,James Rowbottom (Sydney)
868,James Sicily (Hawthorn)
1612,James Trezise (Richmond)
1525,James Tsitas (Gold Coast)
1519,James Tunstill (Brisbane)
1807,James Van Es (St Kilda)
1821,James Willis (Geelong)
1150,James Worpel (Hawthorn)
470,Jamie Cripps (West Coast)
617,Jamie Elliott (Collingwood)
771,Jarman Impey (Hawthorn)
1049,Jarrod Berry (Brisbane)
710,Jarrod Witts (Gold Coast)
599,Jarryd Lyons (Brisbane)
1527,Jase Burgoyne (Port Adelaide)
1473,Jason Horne-Francis (Port Adelaide)
654,Jason Johannisen (Western)
1587,Jaspa Fletcher (Brisbane)
1623,Jaxon Binns (Carlton)
1393,Jaxon Prior (Brisbane)
1650,Jayden Davey (Essendon)
959,Jayden Hunt (West Coast)
910,Jayden Laverde (Essendon)
951,Jayden Short (Richmond)
1613,Jed Adams (Melbourne)
812,Jed Bews (Geelong)
1443,Jed McEntee (Port Adelaide)
1813,Jed Walter (Gold Coast)
1629,Jedd Busslinger (Western)
548,Jeremy Cameron (Geelong)
1081,Jeremy Finlayson (Port Adelaide)
500,Jeremy Howe (Collingwood)
805,Jeremy McGovern (West Coast)
1342,Jeremy Sharp (Fremantle)
852,Jesse Hogan (Greater Western Sydney)
1507,Jesse Motlop (Carlton)
1577,Jhye Clark (Geelong)
720,Jimmy Webster (St Kilda)
731,Joe Daniher (Brisbane)
1678,Joe Furphy (Geelong)
1778,Joe Richards (Collingwood)
1367,Joel Amartey (Sydney)
1677,Joel Freijah (Western)
896,Joel Hamling (Sydney)
1450,Joel Jeffrey (Gold Coast)
1794,Joel Smith (Melbourne)
1266,John Noble (Collingwood)
1483,Jordan Boyd (Carlton)
1211,Jordan Clark (Fremantle)
1647,Jordan Croft (Western)
1043,Jordan Dawson (Adelaide)
859,Jordan de Goey (Collingwood)
1164,Jordan Ridley (Essendon)
1353,Jordon Butts (Adelaide)
1409,Jordon Sweet (Port Adelaide)
1620,Jordyn Baker (West Coast)
1674,Joseph Fonti (Greater Western Sydney)
1089,Josh Battle (St Kilda)
1528,Josh Carmichael (Collingwood)
1241,Josh Corbett (Fremantle)
1106,Josh Daicos (Collingwood)
1661,Josh Draper (Fremantle)
947,Josh Dunkley (Brisbane)
1668,Josh Eyre (Collingwood)
1583,Josh Fahey (Greater Western Sydney)
1462,Josh Gibcus (Richmond)
1540,Josh Goater (North Melbourne)
1474,Josh Rachele (Adelaide)
1232,Josh Rotham (West Coast)
949,Josh Schache (Melbourne)
1478,Josh Sinn (Port Adelaide)
1407,Josh Treacy (Fremantle)
1472,Josh Ward (Hawthorn)
1434,Josh Worrell (Adelaide)
1621,Joshua Bennetts (Hawthorn)
1715,Joshua Kelly (Greater Western Sydney)
1816,Joshua Weddle (Hawthorn)
1552,Judd McVee (Melbourne)
1513,Judson Clarke (Richmond)
1234,Justin McInerney (Sydney)
1369,Jy Farrar (Gold Coast)
1035,Jy Simpkin (North Melbourne)
1500,Jye Amiss (Fremantle)
1275,Jye Caldwell (Essendon)
1536,Jye Menzie (Essendon)
1279,Kade Chandler (Melbourne)
1486,Kai Lohmann (Brisbane)
1467,Kaine Baldwin (Essendon)
1795,Kaleb Smith (Richmond)
1721,Kalin Lane (Brisbane)
1537,Kallan Dawson (North Melbourne)
850,Kamdyn McIntosh (Richmond)
1194,Kane Farrell (Port Adelaide)
1739,Kane McAuliffe (Richmond)
891,Karl Amon (Hawthorn)
1681,Karl Gallagher (Adelaide)
1595,Karl Worner (Fremantle)
1358,Keidean Coleman (Brisbane)
1332,Kieran Strachan (Adelaide)
1424,Kieren Briggs (Greater Western Sydney)
1803,Koltyn Tholstrup (Melbourne)
1669,Kyah Farris-White (Melbourne)
884,Kyle Langford (Essendon)
1737,Kyle Marshall (Port Adelaide)
1627,Kynan Brown (Melbourne)
1297,Kysaiah Pickett (Melbourne)
1744,Lachie McNeil (Western)
587,Lachie Neale (Brisbane)
1801,Lachie Sullivan (Collingwood)
673,Lachie Whitfield (Greater Western Sydney)
1619,Lachlan Ash (Greater Western Sydney)
1435,Lachlan Bramble (Western)
1635,Lachlan Charleson (Port Adelaide)
1544,Lachlan Cowan (Carlton)
1673,Lachlan Fogarty (Carlton)
1460,Lachlan Gollant (Adelaide)
1704,Lachlan Hunter (Melbourne)
1712,Lachlan Jones (Port Adelaide)
524,Lachlan Keeffe (Greater Western Sydney)
1581,Lachlan McAndrew (Sydney)
1116,Lachlan Murphy (Adelaide)
1787,Lachlan Schultz (Collingwood)
1339,Lachlan Sholl (Adelaide)
1796,Lachlan Smith (Western)
1817,Lachlan Weller (Gold Coast)
1303,Laitham Vandermeer (Western)
1642,Lance Collard (St Kilda)
1702,Lawson Humphries (Geelong)
1534,Leek Aleer (Greater Western Sydney)
647,Levi Casboult (Gold Coast)
1694,Lewis Hayes (Essendon)
1057,Lewis Melican (Sydney)
1091,Lewis Young (Carlton)
1191,Liam Baker (Richmond)
866,Liam Duggan (West Coast)
1671,Liam Fawcett (Richmond)
1352,Liam Henry (St Kilda)
403,Liam Jones (Western)
1755,Liam O'Connell (St Kilda)
1776,Liam Reidy (Fremantle)
1131,Liam Ryan (West Coast)
295,Liam Shiels (North Melbourne)
1244,Liam Stocker (St Kilda)
620,Lincoln McCarthy (Brisbane)
1606,Lloyd Johnston (Gold Coast)
1374,Lloyd Meek (Hawthorn)
1771,Loch Rawlinson (West Coast)
1384,Logan McDonald (Sydney)
1751,Logan Morris (Brisbane)
1730,Luamon Lual (Essendon)
487,Luke Breust (Hawthorn)
1505,Luke Cleary (Western)
1121,Luke Davies-Uniacke (North Melbourne)
1430,Luke Edwards (West Coast)
1300,Luke Jackson (Fremantle)
1728,Luke Lloyd (Brisbane)
772,Luke McDonald (North Melbourne)
1599,Luke Nankervis (Adelaide)
485,Luke Parker (Sydney)
1440,Luke Pedlar (Adelaide)
1074,Luke Ryan (Fremantle)
1016,Mabior Chol (Hawthorn)
1535,Mac Andrew (Gold Coast)
1422,Malcolm Rosas (Gold Coast)
950,Marc Pittonet (Carlton)
803,Marcus Bontempelli (Western)
1485,Marcus Windhager (St Kilda)
686,Mark Blicavs (Geelong)
1334,Mark Keane (Adelaide)
1064,Mark O'Connor (Geelong)
1284,Marlion Pickett (Richmond)
1214,Marty Hore (Melbourne)
961,Mason Cox (Collingwood)
970,Mason Redman (Essendon)
847,Mason Wood (St Kilda)
1515,Massimo D'Ambrosio (Hawthorn)
1641,Mate Colina (Richmond)
1634,Matt Carroll (Carlton)
1644,Matt Cottrell (Carlton)
1645,Matt Coulthard (Richmond)
791,Matt Crouch (Adelaide)
1143,Matt Guelfi (Essendon)
1708,Matt Johnson (Fremantle)
1766,Matt Owies (Carlton)
1291,Matt Rowell (Gold Coast)
1557,Mattaes Phillipou (St Kilda)
1616,Matthew Allison (St Kilda)
1672,Matthew Flynn (West Coast)
1706,Matthew Jefferson (Melbourne)
988,Matthew Kennedy (Carlton)
1780,Matthew Roberts (Sydney)
737,Matthew Taberner (Fremantle)
1453,Maurice Rioli (Richmond)
499,Max Gawn (Melbourne)
1689,Max Gruzewski (Greater Western Sydney)
1696,Max Heath (St Kilda)
1401,Max Holmes (Geelong)
1294,Max King (St Kilda)
1718,Max Knobel (Fremantle)
1554,Max Michalanney (Adelaide)
1574,Max Ramsden (Hawthorn)
1324,Michael Frederick (Fremantle)
299,Michael Walters (Fremantle)
1387,Miles Bergman (Port Adelaide)
1498,Miller Bergman (North Melbourne)
1292,Mitch Georgiades (Port Adelaide)
1692,Mitch Hardie (Geelong)
941,Mitch McGovern (Carlton)
1662,Mitchell Duncan (Geelong)
1665,Mitchell Edwards (Geelong)
1698,Mitchell Hinge (Adelaide)
1717,Mitchell Knevitt (Geelong)
1725,Mitchell Lewis (Hawthorn)
1765,Mitchito Owens (St Kilda)
1723,Mykelti Lefau (Richmond)
1465,Nasiah Wanganeen-Milera (St Kilda)
1632,Nate Caddy (Essendon)
989,Nathan Broad (Richmond)
1679,Nathan Fyfe (Fremantle)
1449,Nathan Kreuger (Collingwood)
1203,Nathan Murphy (Collingwood)
1481,Nathan O'Driscoll (Fremantle)
1814,Nathan Wardius (Greater Western Sydney)
1302,Ned McHenry (Adelaide)
1566,Ned Moyle (Gold Coast)
1426,Ned Reeves (Hawthorn)
1484,Neil Erasmus (Fremantle)
1041,Nic Newman (Carlton)
1640,Nicholas Coffield (Western)
1699,Nicholas Holman (Gold Coast)
1738,Nicholas Martin (Essendon)
1222,Nick Blakey (Sydney)
1419,Nick Bryan (Essendon)
1466,Nick Daicos (Collingwood)
622,Nick Haynes (Greater Western Sydney)
1257,Nick Hind (Essendon)
1093,Nick Larkey (North Melbourne)
1733,Nick Madden (Greater Western Sydney)
1394,Nick Murray (Adelaide)
706,Nick Vlastuin (Richmond)
1815,Nick Watson (Hawthorn)
1646,Nikolas Cox (Essendon)
1289,Noah Anderson (Gold Coast)
1242,Noah Answerth (Brisbane)
1209,Noah Balta (Richmond)
1510,Noah Cumberland (Richmond)
1549,Noah Long (West Coast)
1713,Odin Jones (Fremantle)
1582,Oisin Mullin (Geelong)
993,Oleg Markov (Collingwood)
1025,Oliver Florent (Sydney)
1695,Oliver Hayes-Brown (Richmond)
1370,Oliver Henry (Geelong)
1545,Oliver Hollands (Carlton)
1790,Oliver Sestan (Melbourne)
1824,Oliver Wiltshire (Geelong)
1826,Oliver Wines (Port Adelaide)
1700,Olli Hotton (St Kilda)
1657,Ollie Dempsey (Geelong)
1571,Ollie Lord (Port Adelaide)
1753,Ollie Murphy (Fremantle)
834,Orazio Fantasia (Carlton)
1185,Oscar Allen (West Coast)
928,Oscar McDonald (Fremantle)
1149,Oscar McInerney (Brisbane)
1752,Oscar Murdoch (Geelong)
1784,Oscar Ryan (Adelaide)
1798,Oscar Steene (Collingwood)
1246,Oskar Baker (Western)
1670,Oskar Faulkhead (Gold Coast)
1113,Paddy Dow (St Kilda)
795,Patrick Cripps (Carlton)
236,Patrick Dangerfield (Geelong)
1110,Patrick Lipinski (Collingwood)
1512,Patrick Parnell (Adelaide)
1797,Patrick Snell (Sydney)
1811,Patrick Voss (Fremantle)
1492,Paul Curtis (North Melbourne)
1252,Peter Ladhams (Sydney)
897,Peter Wright (Essendon)
1675,Phoenix Foster (Geelong)
1685,Phoenix Gothard (Greater Western Sydney)
1180,Quinton Narkle (Port Adelaide)
1805,Reece Torrent (Brisbane)
1482,Reef McInnes (Collingwood)
1008,Reilly O'Brien (Adelaide)
1548,Reuben Ginbey (West Coast)
1517,Rhett Bazzo (West Coast)
1403,Rhyan Mansell (Richmond)
1271,Rhylee West (Western)
384,Rhys Stanley (Geelong)
1017,Riley Bonner (St Kilda)
1427,Riley Garcia (Western)
1691,Riley Hardeman (North Melbourne)
1412,Riley Thilthorpe (Adelaide)
1749,Rob Monahan (Carlton)
1039,Robbie Fox (Sydney)
1601,Robert Hansen (North Melbourne)
915,Rory Atkins (Gold Coast)
697,Rory Laird (Adelaide)
815,Rory Lobb (Western)
328,Rory Sloane (Adelaide)
1096,Rowan Marshall (St Kilda)
1518,Ryan Angwin (Greater Western Sydney)
1010,Ryan Burton (Port Adelaide)
1325,Ryan Byrnes (St Kilda)
1255,Ryan Gardner (Western)
429,Ryan Lester (Brisbane)
1586,Ryan Maric (West Coast)
1785,Ryley Sanders (Western)
1591,Sam Banks (Richmond)
1375,Sam Berry (Adelaide)
1631,Sam Butler (Hawthorn)
1638,Sam Clohesy (Gold Coast)
1539,Sam Darcy (Western)
480,Sam Day (Gold Coast)
1411,Sam De Koning (Geelong)
701,Sam Docherty (Carlton)
1330,Sam Draper (Essendon)
1044,Sam Durdin (Carlton)
1444,Sam Durham (Essendon)
1346,Sam Flanders (Gold Coast)
650,Sam Frost (Hawthorn)
845,Sam Naismith (Richmond)
1028,Sam Powell-Pepper (Port Adelaide)
241,Sam Reid (Sydney)
1287,Sam Sturt (Fremantle)
1202,Sam Switkowski (Fremantle)
1174,Sam Taylor (Greater Western Sydney)
1208,Sam Walsh (Carlton)
1006,Sam Weideman (Essendon)
1341,Sam Wicks (Sydney)
1436,Samson Ryan (Richmond)
1643,Samuel Collins (Gold Coast)
1626,Sandy Brock (Gold Coast)
41,Scott Pendlebury (Collingwood)
1570,Seamus Mitchell (Hawthorn)
1079,Sean Darcy (Fremantle)
768,Sean Lemmens (Gold Coast)
664,Sebastian Ross (St Kilda)
1720,Sebit Kuek (Fremantle)
1633,Seth Campbell (Richmond)
1625,Shadeau Brain (Brisbane)
1066,Shai Bolton (Richmond)
1308,Shane McAdam (Melbourne)
1511,Shannon Neale (Geelong)
1736,Shaun Mannagh (Geelong)
288,Steele Sidebottom (Collingwood)
1687,Steely Green (Richmond)
549,Stephen Coniglio (Greater Western Sydney)
473,Steven May (Melbourne)
1593,Taj Woewodin (Melbourne)
1388,Tanner Bruhn (Geelong)
1230,Tarryn Thomas (North Melbourne)
596,Taylor Adams (Sydney)
695,Taylor Duryea (Western)
1684,Taylor Goad (North Melbourne)
253,Taylor Walker (Adelaide)
1609,Ted Clohesy (Geelong)
1707,Tew Jiath (Collingwood)
1477,Tex Wanganeen (Essendon)
1622,Thomas Berry (Gold Coast)
1726,Thomas Liberatore (Western)
1788,Thomas Scully (Port Adelaide)
1800,Thomas Stewart (Geelong)
1357,Thomson Dow (Richmond)
1129,Tim Kelly (West Coast)
833,Tim Membrey (St Kilda)
1036,Tim Taranto (Richmond)
1667,Timothy English (Western)
1296,Toby Bedford (Greater Western Sydney)
1610,Toby Conway (Geelong)
552,Toby Greene (Greater Western Sydney)
1604,Toby McMullin (Greater Western Sydney)
905,Toby Nankervis (Richmond)
1770,Toby Pink (North Melbourne)
222,Todd Goldstein (Essendon)
1105,Todd Marshall (Port Adelaide)
1617,Tom Anastasopoulos (Port Adelaide)
1210,Tom Atkins (Geelong)
917,Tom Barrass (West Coast)
1611,Tom Brown (Richmond)
629,Tom Campbell (St Kilda)
770,Tom Clurey (Port Adelaide)
979,Tom Cole (West Coast)
1204,Tom De Koning (Carlton)
1114,Tom Doedee (Brisbane)
1608,Tom Emmett (Fremantle)
1354,Tom Fullarton (Melbourne)
1293,Tom Green (Greater Western Sydney)
88,Tom Hawkins (Geelong)
401,Tom Lynch (Richmond)
1741,Tom McCallum (Port Adelaide)
1158,Tom McCartin (Sydney)
541,Tom McDonald (Melbourne)
727,Tom Mitchell (Collingwood)
945,Tom Papley (Sydney)
1386,Tom Powell (North Melbourne)
1215,Tom Sparrow (Melbourne)
855,Touk Miller (Gold Coast)
125,Travis Boak (Port Adelaide)
448,Trent McKenzie (Port Adelaide)
1301,Trent Rivers (Melbourne)
1310,Tristan Xerri (North Melbourne)
1559,Tylar Young (Richmond)
1378,Tyler Brockman (West Coast)
1789,Tyler Sellers (North Melbourne)
1531,Tyler Sonsie (Richmond)
1659,Tyrell Dewar (West Coast)
1085,Tyson Stengle (Geelong)
1810,Vigo Visentini (Essendon)
1658,Wade Derksen (Greater Western Sydney)
942,Wayne Milera (Adelaide)
1767,Wil Parker (Collingwood)
1181,Wil Powell (Gold Coast)
1550,Will Ashcroft (Brisbane)
1073,Will Brodie (Fremantle)
1652,Will Dawson (North Melbourne)
1315,Will Day (Hawthorn)
1666,Will Edwards (Sydney)
1686,Will Graham (Gold Coast)
1688,Will Green (Sydney)
133,Will Hamill (Adelaide)
1040,Will Hayward (Sydney)
555,Will Hoskin-Elliott (Collingwood)
1729,Will Lorenz (Port Adelaide)
1397,Will Phillips (North Melbourne)
1782,Will Rowlands (Gold Coast)
1098,Will Setterfield (Essendon)
1808,Will Verrall (Melbourne)
1217,Willem Drew (Port Adelaide)
1740,William McCabe (Hawthorn)
1137,Willie Rioli (Port Adelaide)
1218,Xavier Duursma (Essendon)
1343,Xavier O'Halloran (Greater Western Sydney)
1812,Xavier Walsh (Port Adelaide)
1141,Zac Bailey (Brisbane)
1052,Zac Fisher (North Melbourne)
1802,Zac Taylor (Adelaide)
1083,Zach Guthrie (Geelong)
1410,Zach Reid (Essendon)
506,Zach Tuohy (Geelong)
1745,Zachary Merrett (Essendon)
1820,Zachary Williams (Carlton)
925,Zaine Cordy (St Kilda)
1216,Zak Butters (Port Adelaide)
820,Zak Jones (St Kilda)
1663,Zane Duursma (North Melbourne)
1526,Zane Trew (West Coast)
1827,Zane Zakostelsky (Brisbane)
546,Aaron Black (Inactive)
292,Aaron Cornelius (Inactive)
573,Aaron Hall (Inactive)
246,Aaron Joseph (Inactive)
538,Aaron Mullett (Inactive)
853,Aaron Vandenberg (Inactive)
600,Aaron Young (Inactive)
42,Adam Campbell (Inactive)
745,Adam Carter (Inactive)
281,Adam Cockie (Inactive)
79,Adam Cockshell (Inactive)
115,Adam Hartlett (Inactive)
1001,Adam Marcon (Inactive)
734,Adam Oxley (Inactive)
225,Addam Maric (Inactive)
602,Ahmed Saad (Inactive)
530,Aidan Riley (Inactive)
1199,Aiden Bonar (Inactive)
1055,Aidyn Johnson (Inactive)
203,Alan Obst (Inactive)
93,Alan Toovey (Inactive)
1503,Alastair Lord (Inactive)
124,Albert Proud (Inactive)
1399,Alec Waterman (Inactive)
498,Alex Browne (Inactive)
510,Alex Fasolo (Inactive)
762,Alex Forster (Inactive)
784,Alex Georgiou (Inactive)
460,Alex Johnson (Inactive)
1187,Alex Morgan (Inactive)
266,Alex Rance (Inactive)
350,Alex Silvagni (Inactive)
832,Alex Woodward (Inactive)
446,Alik Magin (Inactive)
57,Alipate Carlile (Inactive)
462,Alistair Smith (Inactive)
455,Allen Christensen (Inactive)
132,Andrejs Everitt (Inactive)
740,Andrew Boston (Inactive)
277,Andrew Collins (Inactive)
154,Andrew Foster (Inactive)
416,Andrew Hooper (Inactive)
48,Andrew Lee (Inactive)
634,Andrew McInnes (Inactive)
1317,Andrew McPherson (Inactive)
345,Andrew Moore (Inactive)
607,Andrew Phillips (Inactive)
389,Andrew Strijk (Inactive)
32,Andrew Swallow (Inactive)
214,Andy Otten (Inactive)
787,Angus Dewar (Inactive)
152,Angus Graham (Inactive)
1274,Angus Schumacher (Inactive)
939,Anthony McDonald-Tipungwuti (Inactive)
591,Anthony Miles (Inactive)
349,Anthony Morabito (Inactive)
1447,Anton Tohill (Inactive)
1005,Archie Smith (Inactive)
839,Ariel Steinberg (Inactive)
483,Arryn Siposs (Inactive)
394,Ashley Smith (Inactive)
361,Ashton Hams (Inactive)
1313,Atu Bosenavulagi (Inactive)
184,Austin Wonaeamirri (Inactive)
539,Ayce Cordy (Inactive)
107,Bachar Houli (Inactive)
1165,Bailey Rice (Inactive)
63,Beau Dowler (Inactive)
207,Beau Maister (Inactive)
293,Beau Muston (Inactive)
513,Ben Bucovaz (Inactive)
1285,Ben Cavarra (Inactive)
969,Ben Crocker (Inactive)
372,Ben Cunnington (Inactive)
1260,Ben Davis (Inactive)
386,Ben Griffiths (Inactive)
334,Ben Howlett (Inactive)
486,Ben Jacobs (Inactive)
1364,Ben Jarvis (Inactive)
51,Ben Jolley (Inactive)
709,Ben Kennedy (Inactive)
811,Ben Lennon (Inactive)
218,Ben McEvoy (Inactive)
39,Ben McGlynn (Inactive)
138,Ben McKinley (Inactive)
1059,Ben McNiece (Inactive)
331,Ben Nason (Inactive)
809,Ben Newton (Inactive)
130,Ben Reid (Inactive)
1147,Ben Ronke (Inactive)
187,Ben Ross (Inactive)
31,Ben Schwarze (Inactive)
528,Ben Sinclair (Inactive)
398,Ben Speight (Inactive)
358,Ben Stratton (Inactive)
276,Ben Warren (Inactive)
9,Bernie Vince (Inactive)
574,Billie Smedts (Inactive)
921,Billy Evans (Inactive)
1125,Billy Gowers (Inactive)
807,Billy Hartung (Inactive)
583,Billy Longer (Inactive)
886,Billy Stretch (Inactive)
876,Blaine Boekhorst (Inactive)
827,Blaine Johnson (Inactive)
733,Blayne Wilson (Inactive)
1335,Boyd Woodcock (Inactive)
1329,Brad Close (Inactive)
92,Brad Dick (Inactive)
176,Brad Ebert (Inactive)
817,Brad Hartman (Inactive)
421,Brad Helbig (Inactive)
111,Brad Howard (Inactive)
1179,Brad Lynch (Inactive)
610,Brad McKenzie (Inactive)
70,Brad Moran (Inactive)
1062,Brad Scheer (Inactive)
377,Brad Sheppard (Inactive)
914,Brad Walsh (Inactive)
223,Bradd Dalziell (Inactive)
931,Brady Grey (Inactive)
732,Brandon Jack (Inactive)
447,Brandon Matera (Inactive)
1019,Brandon White (Inactive)
792,Brant Colledge (Inactive)
1160,Brayden Ainsworth (Inactive)
1156,Brayden Crossley (Inactive)
1236,Brayden Ham (Inactive)
1182,Brayden Sier (Inactive)
661,Brendan Lee (Inactive)
250,Brendan Whitecross (Inactive)
872,Brendon Ah Chee (Inactive)
297,Brennan Stack (Inactive)
278,Brent Macaffer (Inactive)
18,Brent Prismall (Inactive)
215,Brent Renouf (Inactive)
1254,Brett Bewley (Inactive)
1026,Brett Eddy (Inactive)
671,Brett Goodes (Inactive)
267,Brett Meredith (Inactive)
624,Brett O'Hanlon (Inactive)
456,Broc McCauley (Inactive)
162,Brock O'Brien (Inactive)
318,Brodie Martin (Inactive)
353,Brodie Moles (Inactive)
703,Brodie Murdoch (Inactive)
148,Bryce Campbell (Inactive)
87,Bryce Gibbs (Inactive)
481,Bryce Retzlaff (Inactive)
1516,Brynn Teakle (Inactive)
435,Byron Sumner (Inactive)
238,Cale Hooker (Inactive)
173,Cale Morton (Inactive)
1013,Callum Moore (Inactive)
1326,Callum Porter (Inactive)
690,Callum Sinclair (Inactive)
322,Callum Wilson (Inactive)
816,Cam Ellis-Yolmen (Inactive)
1555,Cam Mackenzie (Inactive)
848,Cam McCarthy (Inactive)
1118,Cam Rayner (Inactive)
637,Cam Sutcliffe (Inactive)
581,Cameron Delaney (Inactive)
1579,Cameron Fleeton (Inactive)
344,Cameron Hitchcock (Inactive)
60,Cameron Howat (Inactive)
424,Cameron O'Shea (Inactive)
439,Cameron Pedersen (Inactive)
1056,Cameron Polson (Inactive)
440,Cameron Richardson (Inactive)
758,Cameron Shenton (Inactive)
172,Cameron Stokes (Inactive)
1090,Cameron Zurhaar (Inactive)
382,Campbell Heath (Inactive)
630,Caolan Mooney (Inactive)
339,Carl Peterson (Inactive)
544,Casey Sibosado (Inactive)
1054,Cedric Cox (Inactive)
1212,Charlie Constable (Inactive)
13,Cheynee Stiller (Inactive)
232,Chris Dawes (Inactive)
177,Chris Masten (Inactive)
179,Chris Mayne (Inactive)
118,Chris Schmidt (Inactive)
285,Chris Yarran (Inactive)
497,Christian Howard (Inactive)
870,Ciaran Byrne (Inactive)
836,Ciaran Sheehan (Inactive)
298,Clancee Pearce (Inactive)
767,Clay Cameron (Inactive)
577,Clay Smith (Inactive)
427,Claye Beams (Inactive)
114,Clayton Collard (Inactive)
190,Clayton Hinkley (Inactive)
849,Clem Smith (Inactive)
15,Cleve Hughes (Inactive)
6,Clint Bartram (Inactive)
94,Clinton Jones (Inactive)
100,Colin Garland (Inactive)
1188,Colin O'Riordan (Inactive)
69,Colm Begley (Inactive)
1331,Connor Ballenden (Inactive)
930,Connor Blakely (Inactive)
1379,Connor Downie (Inactive)
890,Connor Menadue (Inactive)
1445,Connor West (Inactive)
1097,Conor Glass (Inactive)
1558,Cooper Whyte (Inactive)
880,Corey Ellis (Inactive)
844,Corey Gault (Inactive)
1104,Corey Maynard (Inactive)
588,Cory DellOlio (Inactive)
865,Cory Gregson (Inactive)
30,Courtenay Dempsey (Inactive)
168,Craig Bird (Inactive)
763,Craig Moller (Inactive)
303,Cruize Garlett (Inactive)
553,Curtly Hampton (Inactive)
171,Cyril Rioli (Inactive)
8,Dale Thomas (Inactive)
1071,Dallas Willsmore (Inactive)
54,Damien McCormack (Inactive)
1361,Damon Greaves (Inactive)
1023,Dan Butler (Inactive)
316,Dan Hannebery (Inactive)
1086,Dan Nielson (Inactive)
893,Dan Robinson (Inactive)
441,Daniel Archer (Inactive)
145,Daniel Connors (Inactive)
790,Daniel Currie (Inactive)
129,Daniel Dzufer (Inactive)
458,Daniel Gorringe (Inactive)
894,Daniel Howe (Inactive)
1063,Daniel Lloyd (Inactive)
883,Daniel McKenzie (Inactive)
411,Daniel Menzel (Inactive)
90,Daniel Nicholls (Inactive)
494,Daniel Nicholson (Inactive)
615,Daniel Pearce (Inactive)
254,Daniel Rich (Inactive)
367,Daniel Stewart (Inactive)
521,Daniel Talia (Inactive)
1132,Daniel Venables (Inactive)
376,Danny Hughes (Inactive)
122,Danny Stanley (Inactive)
200,Darcy Daniher (Inactive)
818,Darcy Lang (Inactive)
751,Darren Minchington (Inactive)
178,Darren Pfeiffer (Inactive)
110,David Armitage (Inactive)
364,David Astbury (Inactive)
196,David Ellard (Inactive)
409,David Gourdis (Inactive)
169,David Mackay (Inactive)
1144,David Mirra (Inactive)
201,David Myers (Inactive)
269,David Zaharakis (Inactive)
360,Dawson Simpson (Inactive)
263,Dayne Beams (Inactive)
716,Dean Kent (Inactive)
25,Dean Polo (Inactive)
688,Dean Terlich (Inactive)
830,Dean Towers (Inactive)
1243,Declan Keilty (Inactive)
1033,Declan Mountford (Inactive)
209,Dennis Armfield (Inactive)
1264,Derek Eggmolesse-Smith (Inactive)
777,Derick Wanganeen (Inactive)
559,Devon Smith (Inactive)
141,Djaran Whyman (Inactive)
826,Dom Barry (Inactive)
786,Dom Sheed (Inactive)
562,Dom Tyson (Inactive)
1270,Doulton Langlands (Inactive)
68,Dylan Addison (Inactive)
693,Dylan Buckley (Inactive)
1163,Dylan Clarke (Inactive)
375,Dylan Roberton (Inactive)
799,Dylan van Unen (Inactive)
323,Easton Wood (Inactive)
157,Ed Barlow (Inactive)
417,Ed Curnow (Inactive)
55,Ed Lower (Inactive)
1161,Ed Phillips (Inactive)
1058,Ed Vickers-Willis (Inactive)
783,Eli Templeton (Inactive)
1323,Elijah Taylor (Inactive)
47,Elijah Ware (Inactive)
652,Elliott Kavanagh (Inactive)
137,Eric Mackenzie (Inactive)
21,Fabian Deluca (Inactive)
1193,Fergus Greene (Inactive)
1288,Fischer McAsey (Inactive)
660,Fletcher Roberts (Inactive)
1153,Flynn Appleby (Inactive)
1360,Flynn Perez (Inactive)
1269,Francis Watson (Inactive)
878,Fraser McInnes (Inactive)
648,Frazer Dale (Inactive)
121,Garrick Ibbotson (Inactive)
108,Garry Moss (Inactive)
210,Gavin Urquhart (Inactive)
722,George Burbury (Inactive)
586,George Horlin-Smith (Inactive)
651,Gerald Ugle (Inactive)
482,Gerrick Weedon (Inactive)
5,Grant Birchall (Inactive)
65,Greg Bentley (Inactive)
272,Greg Broughton (Inactive)
1494,Greg Clark (Inactive)
1363,Hamish Brayshaw (Inactive)
275,Hamish Hartlett (Inactive)
1047,Harley Balic (Inactive)
442,Harley Bennell (Inactive)
1020,Harrison Macreadie (Inactive)
977,Harrison Marsh (Inactive)
995,Harry Himmelberg (Inactive)
1312,Harry Jones (Inactive)
1183,Harry Petty (Inactive)
181,Harry Taylor (Inactive)
305,Hayden Ballantyne (Inactive)
623,Hayden Crozier (Inactive)
514,Hayden Jolly (Inactive)
56,Heath Grundy (Inactive)
156,Heath Hocking (Inactive)
882,Henry Schade (Inactive)
900,Hugh Beasley (Inactive)
1283,Hugh Dixon (Inactive)
916,Hugh Goddard (Inactive)
518,Ian Callinan (Inactive)
1351,Irving Mosquito (Inactive)
1522,Isaac Chugg (Inactive)
476,Isaac Smith (Inactive)
174,Isaac Weetra (Inactive)
1405,Isiah Winder (Inactive)
550,Israel Folau (Inactive)
23,Ivan Maric (Inactive)
153,Jace Bode (Inactive)
545,Jack Fitzpatrick (Inactive)
683,Jack Frost (Inactive)
242,Jack Grimes (Inactive)
705,Jack Hannath (Inactive)
973,Jack Hiscox (Inactive)
554,Jack Hombsch (Inactive)
467,Jack Hutchins (Inactive)
841,Jack Leslie (Inactive)
862,Jack Lonie (Inactive)
698,Jack Macrae (Inactive)
1197,Jack Madgen (Inactive)
582,Jack Newnes (Inactive)
1596,Jack Peris (Inactive)
311,Jack Redden (Inactive)
829,Jack Redpath (Inactive)
116,Jack Riewoldt (Inactive)
1542,Jack Saunders (Inactive)
324,Jack Steven (Inactive)
337,Jack Trengove (Inactive)
300,Jack Watts (Inactive)
259,Jack Ziebell (Inactive)
656,Jackson Allen (Inactive)
1496,Jackson Callow (Inactive)
730,Jackson Ferguson (Inactive)
1237,Jackson Hately (Inactive)
667,Jackson Merrett (Inactive)
861,Jackson Nelson (Inactive)
568,Jackson Paine (Inactive)
842,Jackson Ramsay (Inactive)
641,Jackson Sheringham (Inactive)
717,Jackson Thurlow (Inactive)
346,Jackson Trengove (Inactive)
1102,Jacob Allison (Inactive)
929,Jacob Ballard (Inactive)
605,Jacob Brennan (Inactive)
1178,Jacob Dawson (Inactive)
543,Jacob Gillbee (Inactive)
1162,Jacob Heron (Inactive)
561,Jacob Townsend (Inactive)
858,Jaden McGrath (Inactive)
1311,Jake Aarts (Inactive)
934,Jake Barrett (Inactive)
419,Jake Batchelor (Inactive)
407,Jake Carlisle (Inactive)
164,Jake Edwards (Inactive)
1504,Jake Florenca (Inactive)
96,Jake King (Inactive)
1012,Jake Long (Inactive)
680,Jake Neade (Inactive)
258,Jake Spencer (Inactive)
1258,Jake Stein (Inactive)
1277,James Bell (Inactive)
1070,James Cousins (Inactive)
33,James Ezard (Inactive)
117,James Frawley (Inactive)
212,James Hawksley (Inactive)
571,James Magner (Inactive)
501,James Mulligan (Inactive)
1045,James Parsons (Inactive)
359,James Podsiadly (Inactive)
194,James Polkinghorne (Inactive)
922,James Rose (Inactive)
1376,James Rowe (Inactive)
197,James Sellar (Inactive)
765,James Stewart (Inactive)
336,James Strauss (Inactive)
255,Jamie Bennell (Inactive)
397,Jamie Macmillan (Inactive)
159,Jamie McNamara (Inactive)
410,Jamie O'Reilly (Inactive)
252,Jared Petrenko (Inactive)
461,Jared Polec (Inactive)
567,Jarrad Boumann (Inactive)
280,Jarrad Grant (Inactive)
423,Jarrad Irons (Inactive)
981,Jarrad Jansen (Inactive)
24,Jarrad Oakley-Nicholls (Inactive)
578,Jarrad Redden (Inactive)
189,Jarrhan Jacky (Inactive)
199,Jarrod Atkinson (Inactive)
1175,Jarrod Brander (Inactive)
1259,Jarrod Cameron (Inactive)
854,Jarrod Garlett (Inactive)
97,Jarrod Harbrow (Inactive)
338,Jarrod Kayler-Thomson (Inactive)
1190,Jarrod Lienert (Inactive)
1022,Jarrod Pickett (Inactive)
308,Jarrod Silvester (Inactive)
216,Jarryd Allen (Inactive)
391,Jarryd Blair (Inactive)
208,Jarryd Morton (Inactive)
167,Jarryn Geary (Inactive)
715,Jaryd Cachia (Inactive)
793,Jason Ashby (Inactive)
1273,Jason Carter (Inactive)
965,Jason Castagna (Inactive)
287,Jason Davenport (Inactive)
923,Jason Holmes (Inactive)
17,Jason Porplyzia (Inactive)
26,Jason Roe (Inactive)
540,Jason Tutt (Inactive)
425,Jasper Pittard (Inactive)
273,Jaxson Barham (Inactive)
785,Jay Kennedy Harris (Inactive)
1229,Jay Lockhart (Inactive)
161,Jay Neagle (Inactive)
1413,Jay Rantall (Inactive)
319,Jay van Berlo (Inactive)
430,Jayden Pitt (Inactive)
309,Jayden Post (Inactive)
511,Jayden Schofield (Inactive)
685,Jed Anderson (Inactive)
714,Jed Lamb (Inactive)
244,Jeff Garlett (Inactive)
313,Jeremy Laidler (Inactive)
527,Jeremy Taylor (Inactive)
379,Jeromey Webberley (Inactive)
400,Jesse Crichton (Inactive)
982,Jesse Joyce (Inactive)
713,Jesse Lonergan (Inactive)
390,Jesse O'Brien (Inactive)
1011,Jesse Palmer (Inactive)
594,Jesse Stringer (Inactive)
195,Jesse White (Inactive)
677,Jimmy Toumpas (Inactive)
99,Joe Anderson (Inactive)
1088,Joe Atley (Inactive)
1250,Joel Garner (Inactive)
34,Joel Patfull (Inactive)
10,Joel Perry (Inactive)
86,Joel Selwood (Inactive)
536,Joel Tippett (Inactive)
1433,Joel Western (Inactive)
515,Joel Wilkinson (Inactive)
185,John Anthony (Inactive)
532,John Butcher (Inactive)
105,John Hinge (Inactive)
233,John McCarthy (Inactive)
158,John Meesen (Inactive)
243,John Williams (Inactive)
838,Jonathan Freeman (Inactive)
551,Jonathan Giles (Inactive)
744,Jonathan O'Rourke (Inactive)
616,Jonathan Simpkin (Inactive)
1075,Jonathon Beech (Inactive)
742,Jonathon Ceglar (Inactive)
83,Jonathon Griffin (Inactive)
920,Jonathon Marsh (Inactive)
625,Jonathon Patton (Inactive)
1069,Jordan Cunico (Inactive)
996,Jordan Foote (Inactive)
1067,Jordan Gallucci (Inactive)
385,Jordan Gysberts (Inactive)
414,Jordan Jones (Inactive)
505,Jordan Lisle (Inactive)
633,Jordan Murdoch (Inactive)
368,Jordan Roughead (Inactive)
621,Jordan Schroder (Inactive)
320,Jordie McKenzie (Inactive)
846,Jordon Bourke (Inactive)
479,Joseph Daye (Inactive)
1107,Josh Begley (Inactive)
603,Josh Bootsma (Inactive)
597,Josh Bruce (Inactive)
542,Josh Caddy (Inactive)
1015,Josh Clayton (Inactive)
496,Josh Cowan (Inactive)
1080,Josh Deluca (Inactive)
531,Josh Dyson (Inactive)
4,Josh Gibson (Inactive)
881,Josh Glenn (Inactive)
492,Josh Green (Inactive)
640,Josh Hall (Inactive)
221,Josh Head (Inactive)
142,Josh Hill (Inactive)
1349,Josh Honey (Inactive)
606,Josh Jenkins (Inactive)
788,Josh Kelly (Inactive)
27,Josh Kennedy (Inactive)
516,Josh Mellington (Inactive)
1316,Josh Morris (Inactive)
912,Josh Prudden (Inactive)
704,Josh Saunders (Inactive)
997,Josh Schoenfeld (Inactive)
764,Josh Simpson (Inactive)
198,Josh Smith (Inactive)
684,Josh Thomas (Inactive)
453,Josh Toy (Inactive)
572,Josh Tynan (Inactive)
957,Josh Wagner (Inactive)
642,Josh Walker (Inactive)
1575,Josh Weddle (Inactive)
1094,Josh Williams (Inactive)
405,Justin Bollenhagen (Inactive)
708,Justin Clarke (Inactive)
112,Justin Sweeney (Inactive)
120,Justin Westhoff (Inactive)
789,Kade Kolodjashnij (Inactive)
980,Kade Stewart (Inactive)
968,Kaiden Brand (Inactive)
867,Kane Lambert (Inactive)
355,Kane Lucas (Inactive)
679,Kane Mitchell (Inactive)
444,Karmichael Hunt (Inactive)
1111,Kayle Kirby (Inactive)
835,Kayne Turner (Inactive)
895,Keegan Brooksby (Inactive)
976,Kieran Collins (Inactive)
469,Kieran Harper (Inactive)
963,Kieran Lovell (Inactive)
104,Kieren Jack (Inactive)
595,Kirk Ugle (Inactive)
1151,Kobe Mutch (Inactive)
388,Koby Stevens (Inactive)
760,Kristian Jaksch (Inactive)
274,Kristin Thornton (Inactive)
649,Kurt Aylett (Inactive)
1007,Kurt Heatherley (Inactive)
1060,Kurt Mutimer (Inactive)
170,Kurt Tippett (Inactive)
598,Kyal Horsley (Inactive)
256,Kyle Cheney (Inactive)
1265,Kyle Dunkley (Inactive)
399,Kyle Hardingham (Inactive)
750,Kyle Hartigan (Inactive)
726,Kyle Martin (Inactive)
155,Kyle Reimers (Inactive)
1262,Kyron Hayden (Inactive)
1304,Lachie Ash (Inactive)
1128,Lachie Fogarty (Inactive)
175,Lachie Henderson (Inactive)
736,Lachie Hunter (Inactive)
1402,Lachie Jones (Inactive)
672,Lachie Plowman (Inactive)
1227,Lachie Schultz (Inactive)
919,Lachie Weller (Inactive)
1240,Lachie Young (Inactive)
76,Lachlan Hansen (Inactive)
1337,Lachlan Hosie (Inactive)
1371,Lachlan McNeil (Inactive)
757,Lauchlan Dalgleish (Inactive)
601,Lee Spurr (Inactive)
102,Leigh Adams (Inactive)
759,Leigh Osborne (Inactive)
1437,Leo Connolly (Inactive)
85,Leroy Jetta (Inactive)
279,Levi Greenwood (Inactive)
340,Lewis Jetta (Inactive)
495,Lewis Johnston (Inactive)
984,Lewis Pierce (Inactive)
370,Lewis Stevenson (Inactive)
780,Lewis Taylor (Inactive)
307,Liam Anthony (Inactive)
892,Liam Dawson (Inactive)
304,Liam Jurrah (Inactive)
889,Liam McBean (Inactive)
474,Liam Patrick (Inactive)
270,Liam Picken (Inactive)
604,Liam Sumner (Inactive)
659,Lin Jong (Inactive)
78,Lindsay Thomas (Inactive)
1142,Lochie O'Brien (Inactive)
983,Logan Austin (Inactive)
1305,Louis Butler (Inactive)
831,Louis Herbert (Inactive)
433,Lukas Markovic (Inactive)
874,Lukas Webb (Inactive)
35,Luke Blackwell (Inactive)
645,Luke Brown (Inactive)
507,Luke Dahlhaus (Inactive)
493,Luke Delaney (Inactive)
782,Luke Dunstan (Inactive)
1368,Luke Foley (Inactive)
814,Luke Lowden (Inactive)
29,Luke McGuane (Inactive)
412,Luke Miles (Inactive)
669,Luke Mitchell (Inactive)
1400,Luke Parks (Inactive)
1101,Luke Partington (Inactive)
286,Luke Pratt (Inactive)
522,Luke Rounds (Inactive)
465,Luke Russell (Inactive)
342,Luke Shuey (Inactive)
1491,Luke Strnadica (Inactive)
434,Luke Tapscott (Inactive)
463,Luke Thompson (Inactive)
22,Lynden Dunn (Inactive)
964,Mackenzie Willis (Inactive)
700,Majak Daw (Inactive)
1004,Malcolm Karpany (Inactive)
123,Malcolm Lynch (Inactive)
445,Marc Lock (Inactive)
7,Marc Murphy (Inactive)
1573,Marc Sheather (Inactive)
702,Marco Paparone (Inactive)
946,Marcus Adams (Inactive)
64,Marcus Allan (Inactive)
406,Marcus Davies (Inactive)
49,Marcus Drum (Inactive)
413,Marcus Marigliani (Inactive)
404,Marcus White (Inactive)
163,Mark Austin (Inactive)
639,Mark Baguley (Inactive)
719,Mark Hutchings (Inactive)
627,Mark Whiley (Inactive)
618,Marley Williams (Inactive)
239,Marlon Motlop (Inactive)
126,Martin Clarke (Inactive)
1414,Martin Frederick (Inactive)
774,Martin Gleeson (Inactive)
45,Martin Pask (Inactive)
38,Mathew Stokes (Inactive)
743,Matt Arnot (Inactive)
291,Matt Austin (Inactive)
613,Matt Buntine (Inactive)
75,Matt Campbell (Inactive)
282,Matt de Boer (Inactive)
365,Matt Dea (Inactive)
1157,Matt Eagles (Inactive)
1389,Matt Flynn (Inactive)
676,Matt Jones (Inactive)
1327,Matt Ling (Inactive)
755,Matt McDonough (Inactive)
40,Matt Priddis (Inactive)
77,Matt Riggio (Inactive)
1509,Matt Roberts (Inactive)
918,Matt Scharenberg (Inactive)
466,Matt Shaw (Inactive)
249,Matt Suckling (Inactive)
50,Matt Thomas (Inactive)
43,Matt White (Inactive)
16,Matthew Bate (Inactive)
317,Matthew Broadbent (Inactive)
1344,Matthew Cottrell (Inactive)
1597,Matthew Coulthard (Inactive)
877,Matthew Dick (Inactive)
956,Matthew Goodyear (Inactive)
990,Matthew Hammelmann (Inactive)
374,Matthew Jaensch (Inactive)
1564,Matthew Johnson (Inactive)
183,Matthew Kreuzer (Inactive)
128,Matthew Laidlaw (Inactive)
134,Matthew Leuenberger (Inactive)
140,Matthew Little (Inactive)
371,Matthew Lobbe (Inactive)
224,Matthew O'Dwyer (Inactive)
1362,Matthew Owies (Inactive)
1223,Matthew Parker (Inactive)
188,Matthew Spangher (Inactive)
44,Matthew Spencer (Inactive)
14,Matthew Warnock (Inactive)
454,Matthew Watson (Inactive)
235,Matthew Westhoff (Inactive)
464,Matthew Wright (Inactive)
459,Maverick Weller (Inactive)
62,Max Bailey (Inactive)
837,Max Duffy (Inactive)
1359,Max Lynch (Inactive)
1100,Max Spencer (Inactive)
824,Max Warren (Inactive)
828,Michael Apeness (Inactive)
348,Michael Barlow (Inactive)
779,Michael Close (Inactive)
457,Michael Coad (Inactive)
490,Michael Evans (Inactive)
1207,Michael Gibbons (Inactive)
953,Michael Hartley (Inactive)
472,Michael Hibberd (Inactive)
260,Michael Hurley (Inactive)
150,Michael Jamison (Inactive)
898,Michael Luxford (Inactive)
127,Michael Newton (Inactive)
268,Michael Quinn (Inactive)
46,Michael Rix (Inactive)
529,Michael Ross (Inactive)
655,Michael Talia (Inactive)
28,Michael Warren (Inactive)
284,Mike Pyke (Inactive)
82,Mitch Brown (Inactive)
1,Mitch Clark (Inactive)
735,Mitch Clisby (Inactive)
1135,Mitch Crowden (Inactive)
333,Mitch Duncan (Inactive)
229,Mitch Farmer (Inactive)
509,Mitch Golby (Inactive)
748,Mitch Grigg (Inactive)
804,Mitch Hallahan (Inactive)
1024,Mitch Hannan (Inactive)
1248,Mitch Hinge (Inactive)
825,Mitch Honeychurch (Inactive)
1501,Mitch Knevitt (Inactive)
1167,Mitch Lewis (Inactive)
1464,Mitch Owens (Inactive)
247,Mitch Robinson (Inactive)
139,Mitch Thorp (Inactive)
468,Mitch Wallis (Inactive)
933,Mitch White (Inactive)
343,Mitchell Banner (Inactive)
1032,Mitchell Hibberd (Inactive)
632,Murray Newman (Inactive)
251,Myke Cook (Inactive)
1145,Myles Poholke (Inactive)
864,Nakia Cockatoo (Inactive)
373,Nat Fyfe (Inactive)
658,Nathan Blee (Inactive)
296,Nathan Djerrkura (Inactive)
875,Nathan Drummond (Inactive)
1198,Nathan Freeman (Inactive)
478,Nathan Gordon (Inactive)
289,Nathan Grima (Inactive)
723,Nathan Hrovat (Inactive)
59,Nathan Jones (Inactive)
80,Nathan Krakouer (Inactive)
381,Nathan O'Keefe (Inactive)
488,Nathan Vardy (Inactive)
563,Nathan Wilson (Inactive)
692,Nathan Wright (Inactive)
1321,Ned Cahill (Inactive)
1541,Ned Long (Inactive)
257,Neville Jetta (Inactive)
517,Niall McKeever (Inactive)
1468,Nic Martin (Inactive)
302,Nic Naitanui (Inactive)
1350,Nic Reid (Inactive)
1139,Nick Coffield (Inactive)
418,Nick Duigan (Inactive)
149,Nick Gill (Inactive)
756,Nick Graham (Inactive)
380,Nick Heyne (Inactive)
840,Nick Holman (Inactive)
670,Nick Kommer (Inactive)
66,Nick Lower (Inactive)
663,Nick OBrien (Inactive)
798,Nick Robertson (Inactive)
230,Nick Salter (Inactive)
1148,Nick Shipley (Inactive)
262,Nick Suban (Inactive)
489,Nick Winmar (Inactive)
1377,Nik Cox (Inactive)
1493,Oliver Dempsey (Inactive)
1261,Oliver Hanrahan (Inactive)
681,Ollie Wines (Inactive)
575,Orren Stephenson (Inactive)
1429,Oscar Clavarino (Inactive)
869,Paddy McCartin (Inactive)
3,Paddy Ryder (Inactive)
1166,Pat Kerr (Inactive)
668,Pat McCarthy (Inactive)
773,Patrick Ambrose (Inactive)
512,Patrick Karnezis (Inactive)
315,Patrick McGinnity (Inactive)
1256,Patrick Naish (Inactive)
228,Patrick Veszpremi (Inactive)
1176,Patrick Wilson (Inactive)
1170,Paul Ahern (Inactive)
72,Paul Bower (Inactive)
20,Paul Duffield (Inactive)
1391,Paul Hunter (Inactive)
475,Paul Puopolo (Inactive)
569,Paul Seedsman (Inactive)
165,Paul Stewart (Inactive)
240,Pearce Hanley (Inactive)
534,Peter Faulks (Inactive)
570,Peter Yagmoor (Inactive)
362,Phil Davis (Inactive)
1461,Phoenix Spicer (Inactive)
662,Piers Flanagan (Inactive)
420,Reece Conca (Inactive)
332,Relton Roberts (Inactive)
992,Reuben William (Inactive)
508,Rex Liddy (Inactive)
11,Rhan Hooper (Inactive)
665,Rhys Cooyou (Inactive)
234,Rhys Magin (Inactive)
975,Rhys Mathieson (Inactive)
519,Rhys O'Keeffe (Inactive)
180,Rhys Palmer (Inactive)
71,Richard Douglas (Inactive)
369,Ricky Henderson (Inactive)
101,Ricky Petterd (Inactive)
1415,Riley Collier-Dawkins (Inactive)
913,Riley Knight (Inactive)
329,Riley Milne (Inactive)
924,Roarke Smith (Inactive)
119,Robbie Gray (Inactive)
1490,Robbie McComb (Inactive)
395,Robbie Tarrant (Inactive)
1247,Robbie Young (Inactive)
217,Robert Eddy (Inactive)
402,Robert Hicks (Inactive)
106,Robert Warnock (Inactive)
265,Robin Nahas (Inactive)
325,Rohan Bail (Inactive)
428,Rohan Bewick (Inactive)
1425,Ronin O'Connor (Inactive)
523,Rory Thompson (Inactive)
103,Ross Young (Inactive)
1003,Rupert Wills (Inactive)
1195,Ryan Abbott (Inactive)
347,Ryan Bastinac (Inactive)
227,Ryan Brabazon (Inactive)
994,Ryan Clarke (Inactive)
151,Ryan Cook (Inactive)
204,Ryan Davis (Inactive)
74,Ryan Gamble (Inactive)
1177,Ryan Garthwaite (Inactive)
396,Ryan Harwood (Inactive)
73,Ryan Jackson (Inactive)
609,Ryan Neates (Inactive)
1087,Ryan Nyhuis (Inactive)
248,Ryan Schoenmakers (Inactive)
231,Ryan Williams (Inactive)
67,Ryan Willits (Inactive)
1168,Ryley Stoddart (Inactive)
520,Sam Blease (Inactive)
978,Sam Collins (Inactive)
718,Sam Colquhoun (Inactive)
614,Sam Darley (Inactive)
643,Sam Dunell (Inactive)
682,Sam Dwyer (Inactive)
628,Sam Gibson (Inactive)
36,Sam Gilbert (Inactive)
796,Sam Gray (Inactive)
725,Sam Grimley (Inactive)
1488,Sam Hayes (Inactive)
61,Sam Iles (Inactive)
245,Sam Jacobs (Inactive)
585,Sam Kerridge (Inactive)
794,Sam Lloyd (Inactive)
52,Sam Lonergan (Inactive)
694,Sam Mayes (Inactive)
999,Sam Menegola (Inactive)
724,Sam Michael (Inactive)
1122,Sam Murray (Inactive)
1021,Sam Petrevski-Seton (Inactive)
1306,Sam Philp (Inactive)
689,Sam Rowe (Inactive)
626,Sam Schulz (Inactive)
589,Sam Shaw (Inactive)
283,Sam Sheldon (Inactive)
1084,Sam Simpson (Inactive)
1103,Sam Skinner (Inactive)
290,Sam Wright (Inactive)
226,Scott Clouston (Inactive)
147,Scott Gumbleton (Inactive)
2,Scott Harding (Inactive)
1173,Scott Jones (Inactive)
526,Scott Lycett (Inactive)
109,Scott McMahon (Inactive)
182,Scott Selwood (Inactive)
452,Seb Tape (Inactive)
761,Shane Biggs (Inactive)
95,Shane Edwards (Inactive)
821,Shane Kersten (Inactive)
192,Shane Mumford (Inactive)
327,Shane Savage (Inactive)
205,Shane Valenti (Inactive)
998,Shane Yarran (Inactive)
91,Shannon Cox (Inactive)
19,Shannon Hurn (Inactive)
191,Sharrod Wellingham (Inactive)
438,Shaun Atley (Inactive)
590,Shaun Edwards (Inactive)
135,Shaun Grigg (Inactive)
160,Shaun Hampson (Inactive)
37,Shaun Higgins (Inactive)
310,Shaun McKernan (Inactive)
136,Simon Buckley (Inactive)
264,Simon Hogan (Inactive)
53,Simon Phillips (Inactive)
738,Simon Tunbridge (Inactive)
363,Simon White (Inactive)
843,Spencer White (Inactive)
1172,Stefan Giro (Inactive)
220,Stefan Martin (Inactive)
261,Stephen Hill (Inactive)
143,Stephen Tiller (Inactive)
653,Stephen Wrigley (Inactive)
644,Steve Clifton (Inactive)
193,Steven Browne (Inactive)
566,Steven Morris (Inactive)
354,Steven Motlop (Inactive)
408,Stewart Crameri (Inactive)
1231,Sydney Stack (Inactive)
696,Tanner Smith (Inactive)
1146,Taylin Duman (Inactive)
753,Taylor Garner (Inactive)
502,Taylor Hine (Inactive)
387,Taylor Hunt (Inactive)
186,Tayte Pears (Inactive)
1042,Teia Miles (Inactive)
491,Tendai Mzungu (Inactive)
580,Terry Milera (Inactive)
819,Tim Broomhead (Inactive)
1072,Tim English (Inactive)
657,Tim Golds (Inactive)
206,Tim Houlihan (Inactive)
636,Tim McIntyre (Inactive)
557,Tim Mohr (Inactive)
776,Tim O'Brien (Inactive)
314,Tim Ruffles (Inactive)
58,Tim Schmidt (Inactive)
1046,Tim Smith (Inactive)
729,Timmy Sumner (Inactive)
1328,Tobe Watson (Inactive)
899,Toby McLean (Inactive)
341,Todd Banfield (Inactive)
631,Todd Elton (Inactive)
646,Tom Bell (Inactive)
211,Tom Bellchambers (Inactive)
1298,Tom Berry (Inactive)
802,Tom Boyd (Inactive)
219,Tom Collier (Inactive)
638,Tom Couch (Inactive)
747,Tom Curren (Inactive)
797,Tom Cutler (Inactive)
635,Tom Derickx (Inactive)
754,Tom Downie (Inactive)
909,Tom Fields (Inactive)
312,Tom Gillies (Inactive)
535,Tom Hickey (Inactive)
1390,Tom Highmore (Inactive)
131,Tom Hislop (Inactive)
1348,Tom Hutchesson (Inactive)
1282,Tom Jok (Inactive)
533,Tom Jonas (Inactive)
860,Tom Lamb (Inactive)
766,Tom Langdon (Inactive)
503,Tom Ledger (Inactive)
691,Tom Lee (Inactive)
432,Tom Liberatore (Inactive)
326,Tom McNamara (Inactive)
484,Tom Nicholls (Inactive)
985,Tom Phillips (Inactive)
321,Tom Rockliff (Inactive)
958,Tom Ruggles (Inactive)
335,Tom Scully (Inactive)
666,Tom Sheridan (Inactive)
504,Tom Simpkin (Inactive)
1038,Tom Stewart (Inactive)
294,Tom Swift (Inactive)
98,Tom Williams (Inactive)
1051,Tom Williamson (Inactive)
1421,Tom Wilson (Inactive)
537,Tom Young (Inactive)
547,Tomas Bugg (Inactive)
611,Tommy Walsh (Inactive)
351,Tony Armstrong (Inactive)
237,Tony Notte (Inactive)
576,Tory Dickson (Inactive)
356,Travis Colyer (Inactive)
146,Travis Tuck (Inactive)
89,Travis Varcoe (Inactive)
1428,Trent Bianco (Inactive)
202,Trent Cotchin (Inactive)
393,Trent Dennis-Lane (Inactive)
879,Trent Dumont (Inactive)
166,Trent West (Inactive)
1340,Trey Ruscoe (Inactive)
752,Troy Davis (Inactive)
721,Troy Menzel (Inactive)
366,Troy Taylor (Inactive)
301,Ty Vickery (Inactive)
1286,Tyler Brown (Inactive)
113,Tyson Goldsack (Inactive)
392,Tyson Slattery (Inactive)
741,Viv Michie (Inactive)
271,Wade Thompson (Inactive)
12,Wayde Mills (Inactive)
525,Wayde Twomey (Inactive)
1567,Will Gould (Inactive)
728,Will Hams (Inactive)
1239,Will Hayes (Inactive)
471,Will Johnson (Inactive)
1314,Will Kelly (Inactive)
746,Will Langford (Inactive)
1404,Will Martyn (Inactive)
144,Will Schofield (Inactive)
712,Will Sierakowski (Inactive)
1018,Will Snelling (Inactive)
1192,Will Walker (Inactive)
352,Will Young (Inactive)
1082,Wylie Buzza (Inactive)
81,Xavier Ellis (Inactive)
1355,Xavier O'Neill (Inactive)
739,Xavier Richards (Inactive)
306,Zac Clarke (Inactive)
1347,Zac Foot (Inactive)
1124,Zac Langdon (Inactive)
813,Zac O'Brien (Inactive)
450,Zac Smith (Inactive)
707,Zac Williams (Inactive)
775,Zach Merrett (Inactive)
1281,Zach Sproule (Inactive)
477,Zephaniah Skinner (Inactive)
